method,seed,amplitude,resolution,cadence,cfl,target,initial,exit,end,peak,t90,at_one,mean,std
proportional,140281,1.5,64,10,0.3,4.57,0.0,0,6.0,1.028659886690574,0.25139285210712564,0.9809555622353462,0.9924430528325976,0.018228775918671683
proportional,140281,0.01,32,10,0.3,4.57,0.0,0,6.0,0.9981630284935882,0.26922376307758333,0.9447394912225447,0.9584447854554939,0.020082323993250918
proportional,140281,1.5,32,10,0.3,4.57,0.0,0,6.0,1.028694981592428,0.2688710341556905,0.9704478235045966,0.9867052738206393,0.020885992457342833
proportional,140282,0.01,32,10,0.3,4.57,0.0,0,6.0,1.001794544720109,0.2632346846426906,0.9430212053392546,0.9506876926486267,0.012032959747572607
proportional,140282,1.5,32,10,0.3,4.57,0.0,0,6.0,1.0326417924091227,0.26296323860660725,0.9695667252889246,0.9792181349213953,0.01191567230463242
proportional,271828,0.01,32,10,0.3,4.57,0.0,0,6.0,0.9999613046143472,0.24238288494946275,0.959584911906292,0.9675382954017886,0.00993843935164097
proportional,271828,1.5,32,10,0.3,4.57,0.0,0,6.0,1.0307197520883105,0.24229672935947316,0.9878752094231958,0.9967635606180477,0.011024482036773496
proportional,42,0.01,32,10,0.3,4.57,0.0,0,6.0,1.0003990037523722,0.24379463123591624,0.9607445394519679,0.9473073379003782,0.011684056509759158
proportional,42,1.5,32,10,0.3,4.57,0.0,0,6.0,1.031455679154034,0.2437084536927369,0.9874238488857153,0.9762510194458605,0.011476428192337663
