controller,time_over_tau,dispersion_over_target
legacy,0.1991897393936799,0.1483502508036944
legacy,0.2858207964220664,0.22342131787388503
legacy,0.3520258009417128,0.2944021703522398
legacy,0.4052931963195812,0.37919923158885643
legacy,0.4465617029249635,0.4490646107701025
legacy,0.48173741690527555,0.5101760168339025
legacy,0.5129820231600449,0.5620059218205485
legacy,0.541566052581947,0.6073476514554693
legacy,0.5681925318739365,0.6502266058395517
legacy,0.5932289467123845,0.690955320866777
legacy,0.6169071748083385,0.7286333249315268
legacy,0.6394116186033896,0.7638692669045593
legacy,0.6609035191455944,0.7979427935685954
legacy,0.6814591471005897,0.8308303574600114
legacy,0.7012118224223843,0.8600859899671515
legacy,0.7203353235583192,0.8863423147260978
legacy,0.7389819179760113,0.9123565918656384
legacy,0.757125392055804,0.9380038361777844
legacy,0.7748215176985234,0.9632885634446824
legacy,0.792111713685038,0.9882088080215762
legacy,0.8089880264554952,1.0104935710990792
legacy,0.8255536423986803,1.0304629615823144
legacy,0.8418988300912454,1.0504438531886955
legacy,0.8580376411452703,1.0704122184862488
legacy,0.8739574820022339,1.090313689649695
legacy,0.8896735021257267,1.110126967936451
legacy,0.9052002779625029,1.1287833431882452
legacy,0.9205399718309821,1.1463899423475523
legacy,0.935673774330572,1.1639948766474022
legacy,0.9506056099103266,1.1815670582463107
legacy,0.9653417255760499,1.1990764477889906
legacy,0.9798876005114875,1.2164905683055403
legacy,0.9942482217281114,1.2337931346062916
legacy,1.0084401686121685,1.2527292430335808
legacy,1.0224322494431544,1.273232130174347
legacy,1.0362195332622806,1.293518148987196
legacy,1.0498206261301377,1.3135937483859916
legacy,1.0632525394958114,1.3334783997055006
legacy,1.0765086936175299,1.3531460623420064
legacy,1.0896057075444745,1.372591877855396
legacy,1.102557555952275,1.3881669137433423
legacy,1.1154050500514334,1.4000016899322518
legacy,1.1281710924352593,1.4117812842090955
legacy,1.1408638191852059,1.4235035802315719
legacy,1.1534913858466405,1.435153387443745
legacy,1.1660414195432107,1.4467307983170774
legacy,1.1785253581476314,1.458249914351919
legacy,1.19095302474918,1.469708352351032
legacy,1.2033265786387182,1.4780622614743306
legacy,1.215646079826643,1.4833096729499742
legacy,1.2279476048017621,1.4885109781274533
legacy,1.240229880549007,1.4936769885249321
legacy,1.2524859198158251,1.4988087694911758
legacy,1.2647282115764855,1.5039082266244217
legacy,1.2769672524335696,1.50898240738223
legacy,1.2892066238639441,1.5140329824917795
legacy,1.3014102358406496,1.5188268053566023
legacy,1.3135954092050615,1.5233998349396292
legacy,1.3257751544100946,1.5280213458625311
legacy,1.3379567337815108,1.532689877647543
legacy,1.3501470914479914,1.5374172892780529
legacy,1.3623297699232282,1.542201185521537
legacy,1.3744929690658427,1.547020350960447
legacy,1.3866490449169329,1.5518828437165777
legacy,1.3988127271411037,1.5567832392267866
legacy,1.4109851444809898,1.5604858260552978
legacy,1.423171456166969,1.5630448605119873
legacy,1.4353485501364154,1.5657039727782411
legacy,1.4475263936856135,1.5684447230162555
legacy,1.4597102292326896,1.5712712277517082
legacy,1.4719069230542619,1.5741858876830817
legacy,1.4841232965457198,1.5771787183211161
legacy,1.4963490057858555,1.5802377698525614
legacy,1.5085806057091673,1.5827873326481587
legacy,1.5208239974962778,1.5848739590503438
legacy,1.53307523607548,1.58709133526385
legacy,1.5453241323510187,1.5894331588524713
legacy,1.5575788959520669,1.5918977297272479
legacy,1.5698501541566556,1.59448523933355
legacy,1.582142354343305,1.5971811495661696
legacy,1.5944330827936157,1.5999747630047532
legacy,1.606726823892251,1.6024399892006564
legacy,1.6190452532234079,1.6046128669134838
legacy,1.6314058056441387,1.606928925622869
legacy,1.6436907093696795,1.6093640377364307
legacy,1.6558955620503648,1.6119002012288224
legacy,1.6680395507743986,1.6145391645384728
legacy,1.6801056775612653,1.6172615083913486
legacy,1.6921067950685034,1.620062226639327
legacy,1.7040573083397184,1.6217308766505618
legacy,1.715961820193847,1.6222991569712824
legacy,1.727844337255657,1.6230028461098158
legacy,1.739681718897762,1.6238246628992128
legacy,1.7514751523966028,1.6247642895927357
legacy,1.763235902380891,1.6258305647404676
legacy,1.7749614504221163,1.6270264586236536
legacy,1.7866489660757334,1.6283407079426697
legacy,1.7983114364078936,1.6297676218109363
legacy,1.8099526387907552,1.6298132926364195
legacy,1.8215467157291096,1.6284691267399545
legacy,1.8330882385474097,1.6272054345730087
legacy,1.844577962708146,1.6260024219764793
legacy,1.8560255098248264,1.6248333378277484
legacy,1.8674433994450779,1.6236686506175193
legacy,1.8788290035728683,1.6224862108756364
legacy,1.8901671397252728,1.6212902252997645
legacy,1.9014462757020756,1.6193725110529595
legacy,1.912680883798112,1.6167304144612076
legacy,1.923888456338401,1.614052574177203
legacy,1.9350812083572286,1.6113306628810233
legacy,1.9462536860980937,1.6085765908578997
legacy,1.9573925779695684,1.6058119552759134
legacy,1.9685001556651311,1.6030108312836675
legacy,1.9795719225936363,1.6001693275579398
legacy,1.9906169329038113,1.597287129379873
legacy,2.001645388947228,1.5939911464933787
legacy,2.012645354807192,1.5902820353745264
legacy,2.0236182225295356,1.5865139116967737
legacy,2.034571691021717,1.5827092748386837
legacy,2.0455046012400757,1.5788886828455677
legacy,2.056414645073266,1.575047488628213
legacy,2.0672975879559594,1.5712067196915114
legacy,2.078151289368802,1.5673665631873246
legacy,2.08897836509222,1.563541666462729
legacy,2.099783682681037,1.5597622253151286
legacy,2.110568743948134,1.555143333640089
legacy,2.121334556582347,1.5496997449181318
legacy,2.1320992212784153,1.5443266560789972
legacy,2.1428716462097595,1.5390399449630787
legacy,2.1536333843574025,1.5338574764901063
legacy,2.164389456713273,1.5287719793454022
legacy,2.1751443054614645,1.523784796402646
legacy,2.185903859681712,1.518903033202444
legacy,2.196659683684465,1.5141329193001563
legacy,2.2074180723813117,1.5101610890385573
legacy,2.2181807426273723,1.5069681105541113
legacy,2.2289467518872024,1.503861593195893
legacy,2.2397182364581703,1.5008401980259358
legacy,2.2504933439598602,1.4979124787385873
legacy,2.2612591175523225,1.4951009540545368
legacy,2.2720128458834035,1.4924123364403687
legacy,2.2827598222179857,1.489844618819791
legacy,2.293504556521652,1.4873849104980563
legacy,2.3042488189065633,1.4843703896772373
legacy,2.314998709613254,1.4808098912738095
legacy,2.325768652772075,1.4773480862511923
legacy,2.336570550407838,1.4739837174100454
legacy,2.3473826543871996,1.470740014527752
legacy,2.3581969923838675,1.4676200624151714
legacy,2.3690178303727314,1.4646141361044935
legacy,2.379847043697929,1.4617198713900215
legacy,2.390689579666863,1.4589479567595267
legacy,2.4015517448804666,1.4561191095658463
legacy,2.4124374706607856,1.4532115196636313
legacy,2.423342586098789,1.4503891064118992
legacy,2.434248129149202,1.4476544486577434
legacy,2.4451498312167397,1.4450192980335843
legacy,2.456059622799503,1.442466592736724
legacy,2.4669814070136593,1.440002307147957
legacy,2.4779158399028596,1.4376233389421398
legacy,2.488870899951809,1.4353218329244581
legacy,2.4998512975764036,1.4331022665679127
legacy,2.5108413761184227,1.4303566979547446
legacy,2.5218305037348596,1.4270904622555305
legacy,2.532829716469898,1.4239176428770182
legacy,2.5438393662390255,1.420856518040149
legacy,2.554867294651637,1.4178904206754608
legacy,2.565916413819459,1.4150166107998432
legacy,2.5769926863018675,1.412236097366419
legacy,2.588104084861594,1.409538340533074
legacy,2.599241667906185,1.4069233674340307
legacy,2.610370622274081,1.4044060912874874
legacy,2.6215186313780823,1.4019607880981442
legacy,2.6326935303115384,1.3995772301676765
legacy,2.6438893438576554,1.3972512827524923
legacy,2.6550995891135614,1.3949846096375609
legacy,2.6663300576486586,1.3927841665228444
legacy,2.677590556766655,1.3906346262277043
legacy,2.688875898237552,1.3885401510926805
legacy,2.7001723741252643,1.3867552002185919
legacy,2.711475149683337,1.3852701245130992
legacy,2.7227855175832105,1.383831394563285
legacy,2.7341116686489815,1.3824239573444683
legacy,2.7454608743927365,1.3810582048521327
legacy,2.7568403351796142,1.3797267323935964
legacy,2.7682535782247766,1.3784358485951562
legacy,2.7797047140423907,1.377178859434548
legacy,2.7911577387136806,1.3759513866865993
legacy,2.802611360076798,1.3745257949911236
legacy,2.814074335854816,1.3729360601075677
legacy,2.8255553726134477,1.371412604923097
legacy,2.8370583315330045,1.3699520116282393
legacy,2.848589421095554,1.3685604256281603
legacy,2.8601537770895247,1.3672359800121763
legacy,2.8717435994997227,1.3659857301473892
legacy,2.883364136400672,1.3648026291458886
legacy,2.8950090911692445,1.3636787273062296
legacy,2.906660601401765,1.3623792354400412
legacy,2.918329862831172,1.360894329902881
legacy,2.9300214239381157,1.359442869773096
legacy,2.941741366870226,1.3580139268259686
legacy,2.953497491495626,1.3566108985594116
legacy,2.965236105372138,1.3552279508824108
legacy,2.976983482885381,1.353857757973482
legacy,2.988756712589858,1.352508199979553
legacy,3.0005654995136384,1.351448381151003
legacy,3.0123940170617804,1.3506863196213197
legacy,3.0242118430963774,1.3499609013449327
legacy,3.0360283885118022,1.3492720319029394
legacy,3.0478463924467682,1.3486062506637184
legacy,3.0596726632811473,1.347976217139529
legacy,3.0715216046588845,1.3474005458166498
legacy,3.0834138791911054,1.346873588630602
legacy,3.0953537794455572,1.346401571171723
legacy,3.1073375166366417,1.3452517872699514
legacy,3.11931315118371,1.3434262485391166
legacy,3.1313256515565833,1.3416550301446557
legacy,3.143372385541071,1.3399460458067125
legacy,3.1554215061620035,1.3383134360289357
legacy,3.1674613197295685,1.3367641400662522
legacy,3.1795024842245976,1.3352911847609144
legacy,3.19155623644252,1.3338988640500198
legacy,3.203626059625646,1.3325753036961332
legacy,3.2156847638526416,1.3313260693934295
legacy,3.2277421811087974,1.3301741440922787
legacy,3.2398150922364595,1.3291303619684676
legacy,3.2519126536452974,1.3281998842724902
legacy,3.264007229387153,1.3273840040035847
legacy,3.276107669986908,1.326665495818791
legacy,3.288223698077214,1.3260382660638033
legacy,3.3003655264507095,1.3250810650163158
legacy,3.3125413546335705,1.3237926726603655
legacy,3.324764643439963,1.322608610433507
legacy,3.337046251161942,1.3215344332558254
legacy,3.3493942966633052,1.3205644193171528
legacy,3.361759565054545,1.3196965821996294
legacy,3.374134959088866,1.3189350060542249
legacy,3.3865234883193116,1.3182776857775906
legacy,3.3989290817468967,1.3177149708508582
legacy,3.411353179709246,1.316452102524575
legacy,3.423808757872544,1.3144901634751367
legacy,3.436302663964066,1.3126128198236733
legacy,3.4488041610456177,1.3108243526744507
legacy,3.461324058243184,1.3091186162008934
legacy,3.4738632320977567,1.3075033335293564
legacy,3.4864017212445377,1.3059706835208345
legacy,3.498943688835978,1.3045029340526164
legacy,3.5114897596276173,1.3030988056193498
legacy,3.5240374518091273,1.3017520563754132
legacy,3.536592167121317,1.300460007072914
legacy,3.549161716512342,1.299229266417283
legacy,3.561755452977816,1.2980544011923298
legacy,3.574352468896492,1.2969195403984155
legacy,3.5869486595327276,1.2958139693968755
legacy,3.599551155503982,1.2947222631813327
legacy,3.6121656148227204,1.2934250753442074
legacy,3.6247985725644933,1.2919231222910952
legacy,3.6374574582068426,1.290457349554678
legacy,3.650145074803312,1.2890088104305948
legacy,3.66283803064016,1.2875864982791656
legacy,3.6755427626992807,1.2861803950738864
legacy,3.688260458324768,1.2847799647540652
legacy,3.700991560695578,1.2833265490714787
legacy,3.713738788606373,1.2817692720853817
legacy,3.726507885106562,1.2801640064820492
legacy,3.7392883525321734,1.2785111160799676
legacy,3.7520669086753626,1.2768226328343795
legacy,3.764850230500761,1.2750684554587108
legacy,3.777642228269079,1.2732529443886922
legacy,3.7904460379613183,1.2713968551474204
legacy,3.803264385924108,1.2700623726974372
legacy,3.81609712973275,1.2692684417031626
legacy,3.8289230955347953,1.2684583142083792
legacy,3.841744237385049,1.2675964541949813
legacy,3.854565646352943,1.2666813153933025
legacy,3.867374283643354,1.2657227849023855
legacy,3.8801702000682883,1.2647344757804944
legacy,3.8929593604892996,1.2636962422216242
legacy,3.90575005438537,1.262614818590107
legacy,3.918549609244043,1.2614683700697158
legacy,3.931357117721444,1.2602366608446718
legacy,3.944157290937726,1.2589138017342363
legacy,3.956955337301841,1.2575333240440454
legacy,3.9697558529926593,1.2560820477439463
legacy,3.9825571512738045,1.2545555997158708
legacy,3.9953446113279067,1.2529700647370163
legacy,4.008123475919995,1.25086481010949
legacy,4.020903788756421,1.2482784493001366
legacy,4.033705253823618,1.2456649824690835
legacy,4.04651182319296,1.2430266824943503
legacy,4.059335469089923,1.2403465739178643
legacy,4.072190426836415,1.2376084293460612
legacy,4.0850549136011685,1.2348442777006856
legacy,4.097932188797486,1.232059563504051
legacy,4.110835777803447,1.2294862606806332
legacy,4.123784146856257,1.2271269930818045
legacy,4.136804901749451,1.224752479156414
legacy,4.149845599666311,1.2223857540449934
legacy,4.162912419005505,1.2200436072810155
legacy,4.176019675553759,1.21771288270059
legacy,4.189157595521817,1.2153723003553132
legacy,4.202307612713943,1.2128128398592324
legacy,4.215473476570734,1.210048161876203
legacy,4.22865532886759,1.2072888397540176
legacy,4.241859400615997,1.2045667074756252
legacy,4.255109664987702,1.2018612198227734
legacy,4.268440786070328,1.1991583438229618
legacy,4.2818135495019,1.1964702692132079
legacy,4.295222959892549,1.193806801773225
legacy,4.308678044027125,1.19054817687298
legacy,4.322171161306697,1.1867035083055184
legacy,4.335712340567403,1.1828985466478492
legacy,4.349309171513106,1.1791228510048803
legacy,4.362964685564231,1.1753733216824283
legacy,4.376689242234772,1.1716495608458066
legacy,4.390494445283016,1.167938225488876
legacy,4.404415021707746,1.1642190501272955
legacy,4.4185406757532695,1.1604724992283355
legacy,4.433042163635924,1.1566729960519646
legacy,4.44808026376471,1.152781613505677
legacy,4.463632520325437,1.1488127003447266
legacy,4.479193420365002,1.1448990122859657
legacy,4.4947305696641155,1.1410637848909377
legacy,4.510308098864754,1.1367563545318171
legacy,4.5258763320102,1.1319629519526275
legacy,4.541412742542637,1.1272052090992795
legacy,4.556915434569155,1.1224828987319262
legacy,4.5723382110453015,1.1177969410942392
legacy,4.5877166249152275,1.1131414297487945
legacy,4.603032831485817,1.1081204150885093
legacy,4.61825006593649,1.1027378952050855
legacy,4.633418050541604,1.097386657711783
legacy,4.648569451472741,1.092063810088366
legacy,4.663668021696689,1.0867897701559968
legacy,4.678671738020518,1.0815820100345923
legacy,4.693636397139913,1.0764104091861726
legacy,4.708561897626678,1.071110442336431
legacy,4.723387792461227,1.0657367430172495
legacy,4.738113100878379,1.0604807664281697
legacy,4.752817687201227,1.0553140330219821
legacy,4.767597755302536,1.050197549432834
legacy,4.78224366344765,1.0452167267109014
legacy,4.796805196122823,1.0403537266055367
legacy,4.8113287614857265,1.0353170726810934
legacy,4.82584191525832,1.0301257631637615
legacy,4.840381028753759,1.025054879445664
legacy,4.854870724983915,1.0201122227356134
legacy,4.869424906744437,1.015269649509897
legacy,4.883998460222756,1.010552523178073
legacy,4.898479242085646,1.0059985407416474
legacy,4.912912579775293,1.001307311081749
legacy,4.927349401650151,0.9964680795185994
legacy,4.94180740283808,0.9917764260848219
legacy,4.956294750347363,0.9872185592640709
legacy,4.970738074971198,0.9828221505401161
legacy,4.985206551554414,0.9785743012110814
legacy,4.999722065538074,0.9744682380754183
legacy,5.014176695669161,0.9700970376458238
legacy,5.028574496770093,0.9654795725426867
legacy,5.042939317366754,0.9610489356464953
legacy,5.057274082144618,0.9568044032802564
legacy,5.071598356921318,0.9527370327416886
legacy,5.085959411659978,0.9488367313000453
legacy,5.100297905246528,0.9448038969945208
legacy,5.114641484562833,0.9406650406645908
legacy,5.128991673290002,0.9367486632510222
legacy,5.143351996342007,0.9330586424044801
legacy,5.1576781951124175,0.9296082761947225
legacy,5.171969969902592,0.9263877445307808
legacy,5.186248292283825,0.9233922746708432
legacy,5.2005414736630655,0.920409396547872
legacy,5.214866892255681,0.9174579869438527
legacy,5.229206527905854,0.9147614058133593
legacy,5.243591336910445,0.9123181580882861
legacy,5.257992888180815,0.9101305416478997
legacy,5.272422293208066,0.9081973802547947
legacy,5.286898937877659,0.906518197596524
legacy,5.301382169672774,0.9048575716329192
legacy,5.3158735062891065,0.903217576067128
legacy,5.330378628718523,0.9018377376191602
legacy,5.344901817116276,0.9007108622093895
legacy,5.359451179402342,0.8998352789534965
legacy,5.374034265457541,0.899212159602137
legacy,5.388628691539835,0.8988403830245931
legacy,5.403235976411068,0.8983868563581703
legacy,5.417850268630882,0.8978917662524668
legacy,5.432466017020837,0.8976914353746056
legacy,5.447078233545815,0.8977740773194437
legacy,5.461691419766552,0.8981331600687595
legacy,5.476321539841488,0.8987597646446075
legacy,5.490940954177804,0.8996469480716711
legacy,5.5055436998596505,0.900627537170465
legacy,5.520142036094666,0.9017502554236999
legacy,5.534745624885829,0.903182938696404
legacy,5.549319929869555,0.9049040387486643
legacy,5.5638301416231055,0.9068969634069042
legacy,5.578304269840535,0.9091561880532353
legacy,5.592777667832901,0.9116767673151609
legacy,5.607286291961112,0.914166623112867
legacy,5.621764461455005,0.9165859813815866
legacy,5.636230029673613,0.91921778863904
legacy,5.65065434653422,0.9220471222973069
legacy,5.665047684032034,0.9250512495088995
legacy,5.679434542691766,0.9282388371760232
legacy,5.693827904369578,0.9315925619646372
legacy,5.708134656797488,0.9349358169246075
legacy,5.7223981390806795,0.9382747613036728
legacy,5.736666001310392,0.9417699351876053
legacy,5.750966221885814,0.9454159209488531
legacy,5.765344584987242,0.9492241473438656
legacy,5.779839747242485,0.9532053162856731
legacy,5.794297545599058,0.9573195419646613
legacy,5.808730257565273,0.961949253003561
legacy,5.823176968518174,0.9671092818606737
legacy,5.837674721412921,0.9724229085976859
legacy,5.852136538367971,0.977856755534533
legacy,5.866652582596689,0.9834309809119776
legacy,5.8811272241190755,0.9890986203303612
legacy,5.895608013577108,0.9948617750817557
legacy,5.9101252145526555,1.0004012205490052
legacy,5.924646984892811,1.0056891176116967
legacy,5.939104964504893,1.0110420798329902
legacy,5.9535312025394305,1.0164360998482236
legacy,5.967884270515223,1.0218596882915885
legacy,5.982141015464014,1.0272911315864737
legacy,5.996328990785045,1.0327441771505188
legacy,5.999999999999999,1.034254789729234
bounded_P,0.1991897393936799,0.7756991534572778
bounded_P,0.22411523042371487,0.8487790168255174
bounded_P,0.24707702602038165,0.8949192721881276
bounded_P,0.2688710341556905,0.9394295120769548
bounded_P,0.2896717772099754,0.9824316823176361
bounded_P,0.30961340988952035,1.0056042245410695
bounded_P,0.3291335296137819,1.0102861598254689
bounded_P,0.34858091306229666,1.0149253997672876
bounded_P,0.36795972355820045,1.01951903967048
bounded_P,0.3872827881020726,1.0240661466899692
bounded_P,0.40654265486928287,1.0266045267161399
bounded_P,0.42576599225599754,1.027144647883839
bounded_P,0.4449856596016112,1.0276504316813981
bounded_P,0.46420639623998966,1.0281199738750473
bounded_P,0.48342705247464085,1.0285510085824177
bounded_P,0.5026473288976504,1.0286949815924278
bounded_P,0.5218709895206786,1.0285379403528792
bounded_P,0.5411036990658348,1.028296558314962
bounded_P,0.5603516551359153,1.0279300901733348
bounded_P,0.5796137497425526,1.0273937978359362
bounded_P,0.5988815083852956,1.0266355497158217
bounded_P,0.6181662818494786,1.0257811668362438
bounded_P,0.6374769129713007,1.0247901058606423
bounded_P,0.6568159526972336,1.023451687265081
bounded_P,0.67617173933977,1.0217541705018731
bounded_P,0.6955394722545247,1.0196965480458213
bounded_P,0.7149165160755119,1.0175818120913724
bounded_P,0.7343035707051917,1.0154132950259904
bounded_P,0.7537068318034226,1.0128948344734998
bounded_P,0.7731397167966249,1.0100436084462865
bounded_P,0.7926189752780166,1.0068556954045638
bounded_P,0.8121662034152229,1.0035667605799614
bounded_P,0.8318020565598425,1.0002365096632735
bounded_P,0.8515390601853949,0.9966500586766922
bounded_P,0.8713128048671774,0.9928324219784757
bounded_P,0.8911387490422101,0.9888167496396228
bounded_P,0.9109879069222367,0.9851788324991734
bounded_P,0.9307707127847612,0.9820166961916305
bounded_P,0.9504892904746292,0.9788283129072434
bounded_P,0.9701722235703286,0.9756229195664277
bounded_P,0.9898073263042771,0.9724157828483778
bounded_P,1.009353476126154,0.9704478235045966
bounded_P,1.0287970210804853,0.9698293992280798
bounded_P,1.0481266495438797,0.9693939424487827
bounded_P,1.0673464556928878,0.9691526916779993
bounded_P,1.086384680345866,0.9691114235441665
bounded_P,1.105271334347828,0.9679295154728337
bounded_P,1.1240482841686967,0.9655819567442555
bounded_P,1.1427593174309976,0.9633875353835438
bounded_P,1.1614110894997005,0.9613453816497819
bounded_P,1.179910030719637,0.9594718868353136
bounded_P,1.1983034057923712,0.9577700933031641
bounded_P,1.2166364067149869,0.9561713229374216
bounded_P,1.234979656468886,0.9546511250320171
bounded_P,1.253370908407522,0.9532700162993046
bounded_P,1.2717445743386686,0.9520303275020987
bounded_P,1.290052764006019,0.9509362842402193
bounded_P,1.3083549938930725,0.9491036057589668
bounded_P,1.3266759018706833,0.9466445242634418
bounded_P,1.3450337557566938,0.9444671777650777
bounded_P,1.36328109409212,0.9426007485348117
bounded_P,1.3814254789980283,0.9410287380552037
bounded_P,1.3995405140859833,0.9397368813288877
bounded_P,1.417674592553787,0.937606718126465
bounded_P,1.4359200478943897,0.9347878670697904
bounded_P,1.4542059503170068,0.9324673705852944
bounded_P,1.4724891420319115,0.930650445529179
bounded_P,1.490835070364128,0.9293279979069242
bounded_P,1.5092956934049357,0.9278561560041961
bounded_P,1.5279376869783077,0.9263761680584434
bounded_P,1.5466713380623447,0.9256135043199918
bounded_P,1.5654819761124332,0.9255807042119772
bounded_P,1.584425937824511,0.9262792256668372
bounded_P,1.6034674473142831,0.9282139194486699
bounded_P,1.6226466738455212,0.9315581030135482
bounded_P,1.6418167100402403,0.9358307522623526
bounded_P,1.661069204298849,0.9410351775866599
bounded_P,1.680353704531641,0.9471300129810529
bounded_P,1.699630555698483,0.9540728324469975
bounded_P,1.718935686896451,0.9589662152823646
bounded_P,1.738285504304679,0.9615539856268449
bounded_P,1.757693256351768,0.9646387018264372
bounded_P,1.7770987357561578,0.9681914845165287
bounded_P,1.7964509270858822,0.972180616551892
bounded_P,1.815801573153756,0.9742096745043936
bounded_P,1.8352708077804634,0.9741763850759816
bounded_P,1.8547168784726957,0.974423694250086
bounded_P,1.8741971676511866,0.9749408418529237
bounded_P,1.8937915847707887,0.9757209954424194
bounded_P,1.91333194147591,0.9761053296744086
bounded_P,1.9329170875133883,0.9760599844951657
bounded_P,1.952609737059942,0.9762121307547507
bounded_P,1.9721618920165214,0.9765334884836754
bounded_P,1.991724929764224,0.9770075696428151
bounded_P,2.011415238589212,0.976922689109131
bounded_P,2.0309466138900527,0.9762839342459135
bounded_P,2.0504728190331285,0.9757593725561144
bounded_P,2.0700104026364397,0.9753362018157896
bounded_P,2.0894968515493977,0.975018227866781
bounded_P,2.109015857728147,0.9735880005280071
bounded_P,2.1284354576403763,0.971077443885131
bounded_P,2.1477811477824713,0.9686808841150064
bounded_P,2.1670815646560606,0.966390664931229
bounded_P,2.186265826227024,0.9642063528025152
bounded_P,2.2053654346742735,0.9637246667044683
bounded_P,2.2243962633765677,0.9650092889677322
bounded_P,2.2433376681343944,0.9664786819911454
bounded_P,2.2621344842663027,0.9681187391027876
bounded_P,2.280818462223306,0.9699267291605992
bounded_P,2.2994124712016712,0.971907751265899
bounded_P,2.317887511117986,0.9731692090795846
bounded_P,2.336247847129788,0.9736869686551635
bounded_P,2.354520247155613,0.9743398147996201
bounded_P,2.372692777794797,0.975123793779625
bounded_P,2.3907473282341964,0.9760417567337996
bounded_P,2.4087100638971215,0.9767327412285675
bounded_P,2.42661433885654,0.9771894460664023
bounded_P,2.4444873032391325,0.9777833067631799
bounded_P,2.4623088746985413,0.9785176602516018
bounded_P,2.4800612953163172,0.9793860451283314
bounded_P,2.4977441851885316,0.9803871961186359
bounded_P,2.515347474616301,0.9806955702609265
bounded_P,2.532886441196465,0.9803172102634258
bounded_P,2.5503757955800266,0.9800777034891831
bounded_P,2.5678298058583215,0.9799782139993914
bounded_P,2.5852137175201206,0.9800178889219687
bounded_P,2.602540410590076,0.980415630288397
bounded_P,2.6198347819335277,0.9811404635222947
bounded_P,2.6371190399309414,0.9819529399381632
bounded_P,2.6543737432242644,0.9828509666592572
bounded_P,2.671596861347679,0.9838399729594273
bounded_P,2.688795515565937,0.9849204628883611
bounded_P,2.7059606790030455,0.9860817886908346
bounded_P,2.7230844220949173,0.9872934782928926
bounded_P,2.740154829473463,0.9885588451116808
bounded_P,2.7571721055045826,0.9898727471136839
bounded_P,2.774144225387968,0.9912353822662232
bounded_P,2.791076264271534,0.9926474846945933
bounded_P,2.8079754441808196,0.9936768356334251
bounded_P,2.824820784476694,0.9943190490861382
bounded_P,2.841588942507656,0.9949988043705204
bounded_P,2.858302147838559,0.9957192025500553
bounded_P,2.8749745483412,0.9964830011321892
bounded_P,2.8916141278162564,0.9972903880327407
bounded_P,2.90822272919019,0.9977511063035157
bounded_P,2.9247622792208894,0.9978502316299565
bounded_P,2.941248661619281,0.997967478449758
bounded_P,2.9576831709532163,0.9980968226251702
bounded_P,2.9740691902736716,0.9982443966338539
bounded_P,2.9904005149410864,0.9984013722704987
bounded_P,3.006653614705641,0.998915424294728
bounded_P,3.0228429942281956,0.9997910651827372
bounded_P,3.038979227585938,1.0006838003723415
bounded_P,3.055067611681674,1.0015849182720258
bounded_P,3.071113890931294,1.0024868793100752
bounded_P,3.0871203349910936,1.0033788651108355
bounded_P,3.1030883164061307,1.0035472265473535
bounded_P,3.119019424720607,1.0029832343828686
bounded_P,3.1349215795006438,1.0023864895808055
bounded_P,3.1508024522165465,1.0017501672665718
bounded_P,3.166650630316007,1.001056708806673
bounded_P,3.1824704202481304,1.0003028192022079
bounded_P,3.1982728489994274,0.9994926484313281
bounded_P,3.214057230250852,0.9987233559464364
bounded_P,3.2298099622844267,0.9980137626752786
bounded_P,3.24553807193677,0.9972710307207604
bounded_P,3.2612412364837806,0.9965015054880891
bounded_P,3.2769199088851675,0.995715955161973
bounded_P,3.2925859293833595,0.9948954381840863
bounded_P,3.308254030479923,0.9937947430052663
bounded_P,3.3239205714837943,0.9924697134794845
bounded_P,3.3395502574686944,0.9911938656057995
bounded_P,3.355156689647949,0.9899551112928325
bounded_P,3.3707553442042824,0.9887238673817724
bounded_P,3.386329581947859,0.9875230159091309
bounded_P,3.401860159578458,0.9860424337316315
bounded_P,3.417368510251733,0.9842842948306963
bounded_P,3.4328297391049722,0.9825974941253445
bounded_P,3.4482392728630877,0.9809861957621513
bounded_P,3.463612646934461,0.9794587028740878
bounded_P,3.478962254413935,0.9780164542944106
bounded_P,3.494298725050979,0.9766591850371652
bounded_P,3.509615720224786,0.9751842154920848
bounded_P,3.52490976472142,0.9736586804800752
bounded_P,3.5401135326035744,0.9723113093773197
bounded_P,3.5552387536948564,0.9711407891273073
bounded_P,3.5702947532780214,0.9701290379343
bounded_P,3.5852888481301073,0.9692728196625174
bounded_P,3.600239360553543,0.9693148472382401
bounded_P,3.61516353246142,0.9702492966204254
bounded_P,3.6300464863714055,0.9713368476013035
bounded_P,3.6448540992176617,0.9725671924122818
bounded_P,3.6595922567713823,0.9739267799589377
bounded_P,3.6742705005218492,0.9754130718395018
bounded_P,3.68890688820688,0.9770293143223066
bounded_P,3.7035011299042866,0.978665014817215
bounded_P,3.718062621573215,0.9803048089956048
bounded_P,3.7326004662219554,0.9820340714342113
bounded_P,3.7470692911012597,0.9838505511130905
bounded_P,3.7615007856703846,0.9857549239170161
bounded_P,3.7759079161733142,0.9877493490389294
bounded_P,3.790303476620879,0.9898347884897943
bounded_P,3.8046981524518952,0.9911832116736756
bounded_P,3.819094864783993,0.9917739673183703
bounded_P,3.8334952611551767,0.9924231012703656
bounded_P,3.8479032355695595,0.9931236453269107
bounded_P,3.862323378494076,0.9938769926637784
bounded_P,3.8767799515842967,0.9946823127952297
bounded_P,3.8912697016160958,0.9955463572053928
bounded_P,3.9057669761840015,0.9963708590014123
bounded_P,3.9202859967398167,0.9971474267835134
bounded_P,3.9348443384303318,0.9979721159035855
bounded_P,3.9494089923688387,0.9988462524833152
bounded_P,3.9639632075003357,0.9997739767056414
bounded_P,3.9786416929272,1.0007644263937137
bounded_P,3.99339202095103,1.0018182816381869
bounded_P,4.008190299350566,1.0024056554118708
bounded_P,4.023033779442575,1.0025069528286956
bounded_P,4.037897454063222,1.0026470369142582
bounded_P,4.052858678555154,1.0028308051594397
bounded_P,4.067891939712098,1.0030534660087866
bounded_P,4.083021246984441,1.0033110944419679
bounded_P,4.098259036286027,1.0035990933987964
bounded_P,4.113547096476474,1.004368965764351
bounded_P,4.128852827884382,1.0056297198502042
bounded_P,4.144179797491293,1.0069306749771492
bounded_P,4.159534370405306,1.0082785835408885
bounded_P,4.174925659761557,1.0096695573833765
bounded_P,4.190384469398714,1.0111059118820005
bounded_P,4.205918920025573,1.011996228779977
bounded_P,4.221471645921002,1.0123134953930724
bounded_P,4.237050991611064,1.0126509858240549
bounded_P,4.252696946793269,1.013016787639557
bounded_P,4.268388056091098,1.0134141483746038
bounded_P,4.284127448213856,1.0138505368105966
bounded_P,4.29992167165316,1.0143210076344467
bounded_P,4.315775915184291,1.0141527263067052
bounded_P,4.331747677352546,1.0133357947036639
bounded_P,4.3478781072901285,1.012541856073591
bounded_P,4.364142618220435,1.0117626571820544
bounded_P,4.380522986378367,1.0109997252365044
bounded_P,4.397008391442866,1.0102517565868387
bounded_P,4.413573337559835,1.0100683228219014
bounded_P,4.430204383009921,1.010460146759926
bounded_P,4.446881283350879,1.0108709249607808
bounded_P,4.463606934966224,1.0112941885093372
bounded_P,4.480375884184343,1.0117244667688536
bounded_P,4.4971880692213215,1.0121613755243442
bounded_P,4.514055942457631,1.01216373298517
bounded_P,4.530997814455513,1.0117293105807657
bounded_P,4.548039896195239,1.0113010344836597
bounded_P,4.565196029454535,1.0108736782456096
bounded_P,4.582386325618914,1.0104413220884398
bounded_P,4.599547878050718,1.0100096295985437
bounded_P,4.616719874545384,1.0094908275046601
bounded_P,4.633941495349949,1.0088854472913509
bounded_P,4.651230638577772,1.0082771538548765
bounded_P,4.668602931459618,1.0076689103516752
bounded_P,4.686061999672855,1.00706910849237
bounded_P,4.703549342737316,1.0064023327748022
bounded_P,4.72104028942045,1.0056583871672327
bounded_P,4.738505814671976,1.0049094699979348
bounded_P,4.755941330229167,1.0041496870237465
bounded_P,4.7733385926560095,1.0033925969289408
bounded_P,4.79069903104426,1.002641856353074
bounded_P,4.808042839159885,1.0022981651803744
bounded_P,4.825396002389883,1.0023706873055793
bounded_P,4.8427783165558465,1.0024764153210124
bounded_P,4.86009517114138,1.0026117868447229
bounded_P,4.877379169042196,1.0027717519111898
bounded_P,4.894624399165937,1.0029560429985807
bounded_P,4.91185769738297,1.0027025607157523
bounded_P,4.929118814009912,1.0019922637908814
bounded_P,4.946315171910161,1.0012946518986776
bounded_P,4.963480683062042,1.000609640428821
bounded_P,4.980646921500502,0.9999451814953956
bounded_P,4.997843971079752,0.999294271370533
bounded_P,5.0150430931173,0.9976408005064671
bounded_P,5.032214983815978,0.9950087280618092
bounded_P,5.049324221835767,0.9924247621315624
bounded_P,5.0664151815067,0.9898830022767535
bounded_P,5.083526786545526,0.9873823577575308
bounded_P,5.100684810800866,0.9841990724764392
bounded_P,5.117803021158391,0.9804271509777698
bounded_P,5.134887694057598,0.9768180932695986
bounded_P,5.1519581374308085,0.9733569016098935
bounded_P,5.169023430089563,0.9700393974104765
bounded_P,5.186087757771753,0.9668685608107433
bounded_P,5.203123311110499,0.9630751481320051
bounded_P,5.220159882510698,0.9587749442874772
bounded_P,5.237233633784696,0.9547828165119236
bounded_P,5.254252317187089,0.9511190973129622
bounded_P,5.2712624440577205,0.9477706855389397
bounded_P,5.2882980513069695,0.9447385488743533
bounded_P,5.305390279860812,0.9411412427529348
bounded_P,5.32239385914293,0.9372290026175053
bounded_P,5.339305564489405,0.933937335158191
bounded_P,5.35613200787496,0.9312537816911034
bounded_P,5.372877142517909,0.9291675921333883
bounded_P,5.389519809371593,0.9276692283477257
bounded_P,5.406061852663569,0.9264068800182095
bounded_P,5.422541096922908,0.9256488760552289
bounded_P,5.438994902627153,0.9258091091916189
bounded_P,5.455418339263336,0.9268727057738986
bounded_P,5.47178846793822,0.9288222350880833
bounded_P,5.488118508510427,0.9316352517325456
bounded_P,5.504415629077428,0.9346803773398281
bounded_P,5.520620497578265,0.9378403685132116
bounded_P,5.536725764703462,0.9416812309970662
bounded_P,5.552773318687171,0.9461905984191411
bounded_P,5.568793006267351,0.9513491852296907
bounded_P,5.584802218349799,0.957143414072785
bounded_P,5.600813656576218,0.9614075900523396
bounded_P,5.616798015987549,0.9639316412082648
bounded_P,5.632730414652841,0.9667796121870843
bounded_P,5.648613881938633,0.9699415252514002
bounded_P,5.664432318625743,0.97340408360443
bounded_P,5.680138908853459,0.9771354000011699
bounded_P,5.695784090386764,0.9811360348298216
bounded_P,5.7113902407276,0.9840405343968671
bounded_P,5.72697316348244,0.9857427836427501
bounded_P,5.742541947445575,0.9875654465315309
bounded_P,5.758076862942822,0.9894971767415042
bounded_P,5.773548870796508,0.9915252136512802
bounded_P,5.788930635630328,0.993645629511944
bounded_P,5.804249936556325,0.9952363667908564
bounded_P,5.819553636382724,0.996275855791602
bounded_P,5.8348758627472534,0.9973741575956375
bounded_P,5.850230092844894,0.9985342005283637
bounded_P,5.865577371686152,0.999750025451651
bounded_P,5.880916388249404,1.0010191309184526
bounded_P,5.896266763585593,1.0023377426304165
bounded_P,5.91165283207226,1.0033139935324675
bounded_P,5.927096869353148,1.0039392647614984
bounded_P,5.942532007130955,1.0045958074037344
bounded_P,5.957970921126925,1.005282303402201
bounded_P,5.9734349667037705,1.0060020522380613
bounded_P,5.988961713995554,1.0067532988982455
bounded_P,5.999999999999999,1.006988002515889
