name,controller_parameters,seed,n,end,cadence,target,amplitude,initial,cfl,exit,nsteps,last_t_tau,peak2,t90,y1,mean_late,std_late,last,peak
absolute60_cad20,"{""PID_KP"": 32.65986323710904, ""PID_MAX"": 10.886621079036347, ""PID_MODE"": ""p""}",140281,32,6,20,4.57,1.5,0,0.3,0,352,6.0,1.0251166454351808,0.2633530136209182,0.9792677141342526,0.998508776835156,0.007735070783309867,0.9945145751624124,1.0251166454351808
absolute60_cad5,"{""PID_KP"": 32.65986323710904, ""PID_MAX"": 10.886621079036347, ""PID_MODE"": ""p""}",140281,32,6,5,4.57,1.5,0,0.3,0,317,6.0,1.0711630191043104,0.1991897393936799,0.9807953363912808,0.9874225417710809,0.013169959554954244,1.001446054620223,1.0711630191043104
absolute60_cfl01,"{""PID_KP"": 32.65986323710904, ""PID_MAX"": 10.886621079036347, ""PID_MODE"": ""p""}",140281,32,6,10,4.57,1.5,0,0.1,0,936,6.0,1.0285929100926847,0.246754204453603,0.9656076079928697,0.9909207501665676,0.01737225322130762,1.0078375102730877,1.0285929100926847
absolute60_cfl06,"{""PID_KP"": 32.65986323710904, ""PID_MAX"": 10.886621079036347, ""PID_MODE"": ""p""}",140281,32,6,10,4.57,1.5,0,0.6,0,165,6.0,1.1096408900540873,0.49226245004404395,1.0681917363125524,0.9915198691783161,0.018737078311729626,1.0051815881652983,1.1096408900540873
absolute60_initial05,"{""PID_KP"": 32.65986323710904, ""PID_MAX"": 10.886621079036347, ""PID_MODE"": ""p""}",140281,32,6,10,4.57,1.5,0.5,0.3,0,322,6.0,1.0264963582822915,0.2683348319686659,0.9631808981975484,0.995170933981472,0.013388007683088534,0.9930548176328438,1.0264963582822915
absolute60_initial1,"{""PID_KP"": 32.65986323710904, ""PID_MAX"": 10.886621079036347, ""PID_MODE"": ""p""}",140281,32,6,10,4.57,1.5,1,0.3,0,292,6.0,1.0104711698033653,0.02680222814906672,0.9990212520551682,1.001778514835143,0.012035532072064741,1.0018096943204668,1.017739652568885
absolute60_initial15,"{""PID_KP"": 32.65986323710904, ""PID_MAX"": 10.886621079036347, ""PID_MODE"": ""p""}",140281,32,6,10,4.57,1.5,1.5,0.3,1,321,6.0,1.500000000000087,0.01870720953881194,1.500000000000087,1.5000000000000868,2.220446049250313e-16,1.500000000000087,1.500000000000087
absolute60_mach02,"{""PID_KP"": 32.65986323710904, ""PID_MAX"": 10.886621079036347, ""PID_MODE"": ""p""}",140281,32,6,10,0.2,1.5,0,0.3,0,970,6.0,1.0948930210855152,0.2851267614591055,1.080126887743993,1.0202393849943068,0.030206155533504767,0.9993314611120488,1.0948930210855152
absolute60_mach1,"{""PID_KP"": 32.65986323710904, ""PID_MAX"": 10.886621079036347, ""PID_MODE"": ""p""}",140281,32,6,10,1,1.5,0,0.3,0,440,6.0,1.042358678060286,0.2520013530517404,0.9819948715938648,0.9956080544450214,0.015965845743679978,1.0098727455118168,1.042358678060286
absolute60_n64,"{""PID_KP"": 32.65986323710904, ""PID_MAX"": 10.886621079036347, ""PID_MODE"": ""p""}",140281,64,6,10,4.57,1.5,0,0.3,0,626,6.0,1.0286598866905743,0.2513928521071256,0.9809555622353462,0.992439846628275,0.018227019314226035,1.0078183956551516,1.0286598866905743
absolute_p16_amp0.01,"{""PID_KP"": 16000.0, ""PID_MAX"": 20000.0, ""PID_MODE"": ""p""}",140281,32,6,10,4.57,0.01,0,0.3,1,290,6.0,0.9075820094224679,0.8705876449875405,0.9064162319759447,0.8734513488144415,0.037373474145610264,0.8507727309785399,0.9320937045870145
absolute_p16_amp0.2,"{""PID_KP"": 178.88543819998316, ""PID_MAX"": 223.60679774997894, ""PID_MODE"": ""p""}",140281,32,6,10,4.57,0.2,0,0.3,1,293,6.0,0.9119874607034321,0.8252848979692298,0.9107655188428766,0.8783115466537509,0.03781152508858036,0.8571052150857156,0.9380635041218572
absolute_p16_amp1.5,"{""PID_KP"": 8.709296863229078, ""PID_MAX"": 10.886621079036347, ""PID_MODE"": ""p""}",140281,32,6,10,4.57,1.5,0,0.3,0,324,6.0,1.0005015736272556,0.5775036629431943,0.9985596460748618,0.9603582145947396,0.045853361834468434,0.9302596275936778,1.0345554826100491
absolute_p16_amp3,"{""PID_KP"": 3.079201435678004, ""PID_MAX"": 3.849001794597505, ""PID_MODE"": ""p""}",140281,32,6,10,4.57,3,0,0.3,1,376,6.0,1.1690407421456175,0.40956982489574995,1.1546869492916392,1.1183147554873654,0.06022824772192927,1.1091050487956506,1.2226614029002434
absolute_p30_amp0.01,"{""PID_KP"": 30000.0, ""PID_MAX"": 20000.0, ""PID_MODE"": ""p""}",140281,32,6,10,4.57,0.01,0,0.3,0,309,6.0,0.9783964015698926,0.3954282341395955,0.9458236226292162,0.9207245783628456,0.03088675369080052,0.9332132363710177,0.9783964015698926
absolute_p30_amp0.2,"{""PID_KP"": 335.4101966249684, ""PID_MAX"": 223.60679774997894, ""PID_MODE"": ""p""}",140281,32,6,10,4.57,0.2,0,0.3,0,311,6.0,0.9811473866095016,0.39478707356811943,0.94846448047861,0.9230986101271537,0.031235296161582264,0.9377217680225087,0.9811473866095016
absolute_p30_amp1.5,"{""PID_KP"": 16.32993161855452, ""PID_MAX"": 10.886621079036347, ""PID_MODE"": ""p""}",140281,32,6,10,4.57,1.5,0,0.3,0,324,6.0,1.0374977466604034,0.3188246717399347,0.9902450577852644,0.9740354990668515,0.035094630320758186,0.9939723136286377,1.0374977466604034
absolute_p30_amp3,"{""PID_KP"": 5.773502691896257, ""PID_MAX"": 3.849001794597505, ""PID_MODE"": ""p""}",140281,32,6,10,4.57,3,0,0.3,1,355,6.0,1.1422698625286496,0.2692398606134836,1.0785100638813354,1.0697381337352274,0.03768116437222596,1.1067866565246254,1.1422698625286496
absolute_p30_seed140282,"{""PID_KP"": 16.32993161855452, ""PID_MAX"": 10.886621079036347, ""PID_MODE"": ""p""}",140282,32,6,10,4.57,1.5,0,0.3,0,316,6.0,1.0314526601575589,0.30667698171615293,0.9761968063080524,0.9610562788840789,0.020243910578515448,0.9662648237145574,1.0314526601575589
absolute_p30_seed271828,"{""PID_KP"": 16.32993161855452, ""PID_MAX"": 10.886621079036347, ""PID_MODE"": ""p""}",271828,32,6,10,4.57,1.5,0,0.3,0,330,6.0,1.035169144238513,0.2644858141218339,0.9939440151155937,0.9923602466423177,0.019393392373984176,1.0105323817021485,1.035169144238513
absolute_p30_seed42,"{""PID_KP"": 16.32993161855452, ""PID_MAX"": 10.886621079036347, ""PID_MODE"": ""p""}",42,32,6,10,4.57,1.5,0,0.3,0,302,6.0,1.0451520158769156,0.26500335427759325,1.0029910833509539,0.9531788281919028,0.020720388213189007,0.9490697030873158,1.0451520158769156
absolute_p40_amp0.01,"{""PID_KP"": 40000.0, ""PID_MAX"": 20000.0, ""PID_MODE"": ""p""}",140281,32,6,10,4.57,0.01,0,0.3,0,320,6.0,0.992176240175891,0.29185844256225335,0.9420118316402019,0.9394567900517623,0.025941117732739483,0.9635473257254028,0.992176240175891
absolute_p40_amp0.2,"{""PID_KP"": 447.2135954999579, ""PID_MAX"": 223.60679774997894, ""PID_MODE"": ""p""}",140281,32,6,10,4.57,0.2,0,0.3,0,321,6.0,0.9943111632186488,0.29182056190934885,0.9441457530882027,0.9410950346897533,0.02633192168380086,0.9647049986628372,0.9943111632186488
absolute_p40_amp1.5,"{""PID_KP"": 21.773242158072694, ""PID_MAX"": 10.886621079036347, ""PID_MODE"": ""p""}",140281,32,6,10,4.57,1.5,0,0.3,0,330,6.0,1.0365442340518893,0.26955438473392646,0.9804309671068269,0.9797866830229887,0.028282688314707434,1.0081614243125405,1.0365442340518893
absolute_p40_amp3,"{""PID_KP"": 7.69800358919501, ""PID_MAX"": 3.849001794597505, ""PID_MODE"": ""p""}",140281,32,6,10,4.57,3,0,0.3,1,352,6.0,1.1188646886105622,0.2689013879274632,1.0479718127701494,1.0546028706915793,0.03126766318239109,1.0940242256536323,1.1188646886105622
absolute_p60_amp0.01,"{""PID_KP"": 60000.0, ""PID_MAX"": 20000.0, ""PID_MODE"": ""p""}",140281,32,6,10,4.57,0.01,0,0.3,0,331,6.0,0.9981630284935884,0.26922376307758333,0.9467252902982285,0.9584238915749387,0.020068140961404878,0.9773026700339086,0.9981630284935884
absolute_p60_amp0.01_seed140282,"{""PID_KP"": 60000.0, ""PID_MAX"": 20000.0, ""PID_MODE"": ""p""}",140282,32,6,10,4.57,0.01,0,0.3,0,310,6.0,1.001794544720109,0.2632346846426906,0.9430212053392546,0.9508222903089378,0.012165336429091329,0.9564862069317899,1.001794544720109
absolute_p60_amp0.01_seed271828,"{""PID_KP"": 60000.0, ""PID_MAX"": 20000.0, ""PID_MODE"": ""p""}",271828,32,6,10,4.57,0.01,0,0.3,0,326,6.0,0.9999613046143472,0.24238288494946275,0.9599600489894123,0.9675325315694099,0.009937792705379981,0.9723231704715827,0.9999613046143472
absolute_p60_amp0.01_seed42,"{""PID_KP"": 60000.0, ""PID_MAX"": 20000.0, ""PID_MODE"": ""p""}",42,32,6,10,4.57,0.01,0,0.3,0,303,6.0,1.0003990037523722,0.24379463123591624,0.9627808081225464,0.9471426861095158,0.011889405574237202,0.9421240066169456,1.0003990037523722
absolute_p60_amp0.2,"{""PID_KP"": 670.8203932499368, ""PID_MAX"": 223.60679774997894, ""PID_MODE"": ""p""}",140281,32,6,10,4.57,0.2,0,0.3,0,330,6.0,0.9996346421365123,0.2692065920073879,0.9460900178244771,0.9598568323562623,0.02016479106329053,0.9783397885462506,0.9996346421365123
absolute_p60_amp1.5,"{""PID_KP"": 32.65986323710904, ""PID_MAX"": 10.886621079036347, ""PID_MODE"": ""p""}",140281,32,6,10,4.57,1.5,0,0.3,0,339,6.0,1.0286949815924278,0.2688710341556905,0.9704478235045966,0.9866850777078084,0.02086914609803732,1.006988002515889,1.0286949815924278
absolute_p60_amp1.5_seed140282,"{""PID_KP"": 32.65986323710904, ""PID_MAX"": 10.886621079036347, ""PID_MODE"": ""p""}",140282,32,6,10,4.57,1.5,0,0.3,0,319,6.0,1.032641792409123,0.26296323860660725,0.9695667252889248,0.9792737035034469,0.011973288943668696,0.9841271554880898,1.032641792409123
absolute_p60_amp1.5_seed271828,"{""PID_KP"": 32.65986323710904, ""PID_MAX"": 10.886621079036347, ""PID_MODE"": ""p""}",271828,32,6,10,4.57,1.5,0,0.3,0,335,6.0,1.0307197520883102,0.24229672935947316,0.9881707454524618,0.9967285519151059,0.011022970854102676,1.0031713108481055,1.0307197520883102
absolute_p60_amp1.5_seed42,"{""PID_KP"": 32.65986323710904, ""PID_MAX"": 10.886621079036347, ""PID_MODE"": ""p""}",42,32,6,10,4.57,1.5,0,0.3,0,311,6.0,1.0314556791540341,0.2437084536927369,0.9896264147487137,0.9762162561502674,0.011523894494756163,0.9702381128925812,1.0314556791540341
absolute_p60_amp3,"{""PID_KP"": 11.547005383792515, ""PID_MAX"": 3.849001794597505, ""PID_MODE"": ""p""}",140281,32,6,10,4.57,3,0,0.3,0,353,6.0,1.085099818576301,0.24689770634009617,1.0174965611486744,1.038734629821669,0.021824222568991747,1.0635699631302524,1.085099818576301
amp0.2_pi16_i0,"{""PID_KI"": 0, ""PID_KP"": 16, ""PID_MAX"": 100, ""PID_MODE"": ""pi""}",140281,32,6,10,4.57,0.2,0,0.3,1,152,6.0,0.33369040582422577,,0.24109480576119702,0.4982528574063911,0.08438227386761082,0.5694186856294158,0.5915127935677864
amp0.2_pi16_i16,"{""PID_KI"": 16, ""PID_KP"": 16, ""PID_MAX"": 100, ""PID_MODE"": ""pi""}",140281,32,6,10,4.57,0.2,0,0.3,1,259,6.0,0.5759734327947428,3.046711028231899,0.34664898173190883,0.999490187815348,0.18063791752940475,1.0967528278292251,1.1900619280617255
amp0.2_pi16_i4,"{""PID_KI"": 4, ""PID_KP"": 16, ""PID_MAX"": 100, ""PID_MODE"": ""pi""}",140281,32,6,10,4.57,0.2,0,0.3,1,193,6.0,0.3960644551550328,,0.26054931978140666,0.6759810544247566,0.1385597406031441,0.7915674213012337,0.8303831021973572
amp0.2_pi16_i64,"{""PID_KI"": 64, ""PID_KP"": 16, ""PID_MAX"": 100, ""PID_MODE"": ""pi""}",140281,32,6,10,4.57,0.2,0,0.3,0,329,6.0,1.0365176639089744,1.4876076214646619,0.6313221908054278,1.1856574632721175,0.10366245780425734,0.9995874536543945,1.346714015675129
amp1.5_pi16_i0,"{""PID_KI"": 0, ""PID_KP"": 16, ""PID_MAX"": 100, ""PID_MODE"": ""pi""}",140281,32,6,10,4.57,1.5,0,0.3,0,328,6.0,1.0360357496529435,0.4208636491002369,1.00500297179784,0.9738996121541369,0.03156222701261204,0.9787490837205579,1.0360357496529435
amp1.5_pi16_i16,"{""PID_KI"": 16, ""PID_KP"": 16, ""PID_MAX"": 100, ""PID_MODE"": ""pi""}",140281,32,6,10,4.57,1.5,0,0.3,0,324,6.0,1.1153104660044013,0.36248658680475443,1.0564717404081798,1.0071601619461987,0.03577207137663249,1.0325303276376518,1.1153104660044013
amp1.5_pi16_i4,"{""PID_KI"": 4, ""PID_KP"": 16, ""PID_MAX"": 100, ""PID_MODE"": ""pi""}",140281,32,6,10,4.57,1.5,0,0.3,0,333,6.0,1.0614347202426797,0.3955501323640089,1.02429999492485,0.9998111217964298,0.03441697779580511,1.0100059973576783,1.0614347202426797
amp1.5_pi16_i64,"{""PID_KI"": 64, ""PID_KP"": 16, ""PID_MAX"": 100, ""PID_MODE"": ""pi""}",140281,32,6,10,4.57,1.5,0,0.3,1,316,6.0,1.2399055462778985,0.27430804606385084,1.144004300530191,1.006305165307341,0.033596371318355106,1.0856004191773763,1.2399055462778985
fast_p16_d0,"{""PID_KD"": 0, ""PID_KP"": 16, ""PID_MAX"": 10, ""PID_MODE"": ""pid""}",140281,32,6,10,4.57,,,,0,324,6.0,1.0363203144101452,0.3192184582967032,0.9904656400875129,0.9738396126158835,0.035182907714201586,0.9939008789725613,1.0363203144101452
fast_p16_d0.3,"{""PID_KD"": 0.3, ""PID_KP"": 16, ""PID_MAX"": 10, ""PID_MODE"": ""pid""}",140281,32,6,10,4.57,,,,0,326,6.0,1.0161362956411932,0.36511616419103743,0.9860623424491868,0.973252574189843,0.034081470562752736,0.9935895028165179,1.021620310391514
fast_p16_d1,"{""PID_KD"": 1, ""PID_KP"": 16, ""PID_MAX"": 10, ""PID_MODE"": ""pid""}",140281,32,6,10,4.57,,,,0,326,6.0,0.982100595355644,0.49450587604806046,0.9765111614797487,0.9740078213667461,0.030670786062710138,0.9869780638180815,1.0192013636786887
fast_p4_d0,"{""PID_KD"": 0, ""PID_KP"": 4, ""PID_MAX"": 10, ""PID_MODE"": ""pid""}",140281,32,6,10,4.57,,,,0,314,6.0,0.9140617034433072,1.1008083198844754,0.8696429031750925,0.9602438822835438,0.06418982530132755,0.9343803131495018,1.0643510037249224
fast_p4_d0.3,"{""PID_KD"": 0.3, ""PID_KP"": 4, ""PID_MAX"": 10, ""PID_MODE"": ""pid""}",140281,32,6,10,4.57,,,,0,310,6.0,0.8924414835536422,2.7979383727724816,0.8324646795143166,0.9621499757139432,0.062133439110266926,0.9465715383497489,1.0617883788333193
fast_p4_d1,"{""PID_KD"": 1, ""PID_KP"": 4, ""PID_MAX"": 10, ""PID_MODE"": ""pid""}",140281,32,6,10,4.57,,,,0,302,6.0,0.8484879469957762,2.789413584029012,0.754653866872377,0.9661087167440876,0.06307613339243524,0.9730745579844452,1.0570327300816604
fast_p8_d0,"{""PID_KD"": 0, ""PID_KP"": 8, ""PID_MAX"": 10, ""PID_MODE"": ""pid""}",140281,32,6,10,4.57,,,,1,323,6.0,0.9933908422179276,0.607049786706413,0.9922231517575647,0.9582080205747193,0.047191958097788846,0.9249632171395724,1.0366146713326434
fast_p8_d0.3,"{""PID_KD"": 0.3, ""PID_KP"": 8, ""PID_MAX"": 10, ""PID_MODE"": ""pid""}",140281,32,6,10,4.57,,,,0,320,6.0,0.9749781292745638,0.6654008757722492,0.9669552340324727,0.9632875308949792,0.044741090246332445,0.9380364107933293,1.037061957652117
fast_p8_d1,"{""PID_KD"": 1, ""PID_KP"": 8, ""PID_MAX"": 10, ""PID_MODE"": ""pid""}",140281,32,6,10,4.57,,,,0,319,6.0,0.9355160262636543,0.965250592766279,0.9106771808621967,0.9708369828092288,0.04078727516237487,0.9577261396551157,1.0372417935473202
fixed,"{""PID_KP"": 0, ""PID_MODE"": ""p""}",140281,32,6,10,4.57,,,,0,228,6.0,0.49183879549125353,4.216773730896732,0.32862072195197134,0.8254954442583816,0.1692586415184126,0.9692203199489927,1.0204292067081941
legacy,{},140281,32,6,10,4.57,,,,0,427,6.0,1.6298132926364195,0.7389819179760113,1.2337931346062916,1.2034852757546468,0.19976428003561456,1.034254789729234,1.6298132926364195
p1,"{""PID_KP"": 1, ""PID_MODE"": ""p""}",140281,32,6,10,4.57,,,,0,272,6.0,0.7038613114293751,3.2954123565921742,0.5450932275437007,0.9404506254736258,0.12027054937295273,1.0009555460415316,1.0887462375537527
p16_cad20,"{""PID_KP"": 16, ""PID_MAX"": 10, ""PID_MODE"": ""p""}",140281,32,6,20,4.57,,0,0.3,0,347,6.0,1.0205146454755545,0.32979880859570015,0.9897778652898984,1.0002098383921618,0.015097226627358936,0.9912434294214615,1.023677597194266
p16_cad5,"{""PID_KP"": 16, ""PID_MAX"": 10, ""PID_MODE"": ""p""}",140281,32,6,5,4.57,,0,0.3,0,319,6.0,1.0518463574183814,0.22295238938139522,0.9968042998550865,0.9739971691207894,0.015973390739637938,0.9976961375836539,1.0518463574183814
p16_cfl01,"{""PID_KP"": 16, ""PID_MAX"": 10, ""PID_MODE"": ""p""}",140281,32,6,10,4.57,,0,0.1,0,924,6.0,1.0351894409020896,0.31035834949112334,0.9908920586344365,0.9805705544933249,0.030818098172917488,0.9898408823034021,1.0351894409020896
p16_cfl06,"{""PID_KP"": 16, ""PID_MAX"": 10, ""PID_MODE"": ""p""}",140281,32,6,10,4.57,,0,0.6,0,163,6.0,1.029851706645164,0.5831499145522777,1.0277751619157847,0.9826197791486658,0.024948305593374197,0.997062610704011,1.029851706645164
p16_initial05,"{""PID_KP"": 16, ""PID_MAX"": 10, ""PID_MODE"": ""p""}",140281,32,6,10,4.57,,0.5,0.3,0,317,6.0,1.0175997705966868,0.4082787955632928,0.9826896320260841,0.9891920050584919,0.0220314198427256,0.9726486952055472,1.026135533566931
p16_initial1,"{""PID_KP"": 16, ""PID_MAX"": 10, ""PID_MODE"": ""p""}",140281,32,6,10,4.57,,1,0.3,0,280,6.0,0.995583072785108,0.02680222814906672,0.9589779701690478,0.9925190446808351,0.028876903015893976,0.985496471544086,1.0245045863109483
p16_initial15,"{""PID_KP"": 16, ""PID_MAX"": 10, ""PID_MODE"": ""p""}",140281,32,6,10,4.57,,1.5,0.3,1,321,6.0,1.500000000000087,0.01870720953881194,1.500000000000087,1.5000000000000868,2.220446049250313e-16,1.500000000000087,1.500000000000087
p16_mach02,"{""PID_KP"": 16, ""PID_MAX"": 10, ""PID_MODE"": ""p""}",140281,32,6,10,0.2,,0,0.3,0,955,6.0,1.0698490815524768,0.4038572139471095,1.0549388820985068,1.0183728076911707,0.019272088375667813,0.9932553995621364,1.0698490815524768
p16_mach1,"{""PID_KP"": 16, ""PID_MAX"": 10, ""PID_MODE"": ""p""}",140281,32,6,10,1,,0,0.3,0,442,6.0,1.0327375261519203,0.33931292121526907,0.9766515393606683,0.9916107606067969,0.02308036255569883,0.9924824890370656,1.0327375261519203
p16_n64,"{""PID_KP"": 16, ""PID_MAX"": 10, ""PID_MODE"": ""p""}",140281,64,6,10,4.57,,0,0.3,0,616,6.0,1.0382018714564005,0.31751958279766623,1.0084739165311674,0.9856427540351377,0.031078725801731464,1.0005912208004593,1.0382018714564005
p2,"{""PID_KP"": 2, ""PID_MODE"": ""p""}",140281,32,6,10,4.57,,,,0,287,6.0,0.7960911434378095,3.011023199344967,0.6201866428475696,0.9695545450123055,0.08978883418094322,1.0010264956144959,1.0836899777022604
p4,"{""PID_KP"": 4, ""PID_MODE"": ""p""}",140281,32,6,10,4.57,,,,0,294,6.0,0.8611471626014717,2.4871121124087963,0.6256535020540371,0.9896093144176699,0.057718943313489215,0.9924483457863013,1.0632459824429334
pi2,"{""PID_KI"": 0.5, ""PID_KP"": 2, ""PID_MODE"": ""pi""}",140281,32,6,10,4.57,,,,0,298,6.0,0.819021914932054,2.766395941134726,0.6217111152806445,1.023829532316848,0.09949945353020176,1.050705760340841,1.1476760975019509
pid2,"{""PID_KD"": 0.2, ""PID_KI"": 0.5, ""PID_KP"": 2, ""PID_MODE"": ""pid""}",140281,32,6,10,4.57,,,,0,298,6.0,0.807665342549962,2.7634722582190507,0.6160378596666719,1.0260655868439914,0.1028864499684059,1.0539245173244411,1.1514150988515122
pid4,"{""PID_KD"": 0.5, ""PID_KI"": 0.5, ""PID_KP"": 4, ""PID_MODE"": ""pid""}",140281,32,6,10,4.57,,,,0,297,6.0,0.8512319736510678,2.4739838352145105,0.6256535020540371,1.0048168762284904,0.06564582733337113,1.011546056509722,1.0838728784970346
seed140282_legacy,{},140282,32,6,10,4.57,,,,0,371,6.0,1.8077343143879023,0.7483485483599696,1.2047721581786537,1.1446898213522219,0.28587188352860726,0.9564894381393709,1.8078062041502532
seed140282_p16,"{""PID_KP"": 16, ""PID_MAX"": 10, ""PID_MODE"": ""p""}",140282,32,6,10,4.57,,,,0,316,6.0,1.0312064646160672,0.3295016712209904,0.9806869400035138,0.9605301801498604,0.02043604138156481,0.9629835516708463,1.0312064646160672
seed140282_p8,"{""PID_KP"": 8, ""PID_MAX"": 10, ""PID_MODE"": ""p""}",140282,32,6,10,4.57,,,,1,310,6.0,1.0110772843551896,0.5853481508587758,0.9827345531380346,0.931948099170889,0.029318316922777088,0.9247581573821686,1.0117301444654356
seed271828_legacy,{},271828,32,6,10,4.57,,,,0,413,6.0,1.660726206101169,0.7727061543293692,1.2788968745698006,1.1416554943132449,0.16060564774232047,0.945307174641601,1.660726206101169
seed271828_p16,"{""PID_KP"": 16, ""PID_MAX"": 10, ""PID_MODE"": ""p""}",271828,32,6,10,4.57,,,,0,329,6.0,1.0334160919213522,0.2881356001609638,0.9964668662894893,0.9919708977410199,0.0196164016648884,1.010827876790517,1.0334160919213522
seed271828_p8,"{""PID_KP"": 8, ""PID_MAX"": 10, ""PID_MODE"": ""p""}",271828,32,6,10,4.57,,,,0,315,6.0,1.0116849732055668,0.5932859961519144,1.0089729009216999,0.9878661608550989,0.034748753800066375,1.0225631825622945,1.0289024200562247
seed42_legacy,{},42,32,6,10,4.57,,,,0,363,6.0,1.4955712718684815,0.7426486558416084,1.2467283197779917,1.2676379650388547,0.15054904152921714,1.0089444545166095,1.4955712718684815
seed42_p16,"{""PID_KP"": 16, ""PID_MAX"": 10, ""PID_MODE"": ""p""}",42,32,6,10,4.57,,,,0,301,6.0,1.043823210937031,0.2908311848115814,1.0088178823703593,0.952903242670332,0.021345399145610587,0.9468817027390437,1.043823210937031
seed42_p8,"{""PID_KP"": 8, ""PID_MAX"": 10, ""PID_MODE"": ""p""}",42,32,6,10,4.57,,,,1,286,6.0,1.0141697384662058,0.5617081796929569,1.0141697384662058,0.9236395473741845,0.032619543144594365,0.9235651483372851,1.0141697384662058
